产品名称,规格,货号,价格,成份
TSA 3色荧光试剂盒 (RUO),100测试,CRT0003100T,5600.00,HRP-山羊抗鼠兔混合型二抗(10mL) x 2; TSA信号放大液(15mL) x 2; DAPI染液即用型(1.5mL) x 4; 抗荧光淬灭封片剂(3mL) x 2; TSA 荧光染料(25ul) x 4 (520/570)
TSA 3色荧光试剂盒 (RUO),50测试,CRT000350T,3000.00,HRP-山羊抗鼠兔混合型二抗(10mL) x 1; TSA信号放大液(15mL) x 1; DAPI染液即用型(1.5mL) x 2; 抗荧光淬灭封片剂(3mL) x 1; TSA 荧光染料(25ul) x 2 (520/570)
TSA 4色荧光试剂盒 (RUO),100测试,CRT0004100T,6000.00,HRP-山羊抗鼠兔混合型二抗(10mL) x 2; TSA信号放大液(15mL) x 2; DAPI染液即用型(1.5mL) x 4; 抗荧光淬灭封片剂(3mL) x 2; TSA 荧光染料(25ul) x 6 (520/570/690)
TSA 4色荧光试剂盒 (RUO),50测试,CRT000450T,3400.00,HRP-山羊抗鼠兔混合型二抗(10mL) x 1; TSA信号放大液(15mL) x 1; DAPI染液即用型(1.5mL) x 2; 抗荧光淬灭封片剂(3mL) x 1; TSA 荧光染料(25ul) x 3 (520/570/690)
TSA 5色荧光试剂盒 (RUO),100测试,CRT0005100T,7300.00,HRP-山羊抗鼠兔混合型二抗(10mL) x 2; TSA信号放大液(15mL) x 2; DAPI染液即用型(1.5mL) x 4; 抗荧光淬灭封片剂(3mL) x 2; TSA 荧光染料(25ul) x 8 (520/570/690/620)
TSA 5色荧光试剂盒 (RUO),50测试,CRT000550T,4000.00,HRP-山羊抗鼠兔混合型二抗(10mL) x 1; TSA信号放大液(15mL) x 1; DAPI染液即用型(1.5mL) x 2; 抗荧光淬灭封片剂(3mL) x 1; TSA 荧光染料(25ul) x 4 (520/570/690/620)
TSA 6色荧光试剂盒 (RUO),100测试,CRT0006100T,8500.00,HRP-山羊抗鼠兔混合型二抗(10mL) x 3; TSA信号放大液(15mL) x 2; DAPI染液即用型(1.5mL) x 4; 抗荧光淬灭封片剂(3mL) x 2; TSA 荧光染料(25ul) x 10 (520/570/690/620/480)
TSA 6色荧光试剂盒 (RUO),50测试,CRT000650T,4500.00,HRP-山羊抗鼠兔混合型二抗(10mL) x 2; TSA信号放大液(15mL) x 2; DAPI染液即用型(1.5mL) x 2; 抗荧光淬灭封片剂(3mL) x 1; TSA 荧光染料(25ul) x 5 (520/570/690/620/480)
TSA 7色荧光试剂盒 (RUO),100测试,CRT0007100T,10000.00,Kit-A; HRP-山羊抗鼠兔混合型二抗(10mL) x 3; TSA信号放大液(15mL) x 4; DAPI染液即用型(1.5mL) x 4; 抗荧光淬灭封片剂(3mL) x 2; TSA 荧光染料(25ul) x 10 (520/570/690/620/480); Kit-B; CR-010A TSA-DIG 缓冲液 2.5ml x 2; CR-010B TSA-DIG 25ul/支 x 2; CR-010C TSA 780 Dye 25ul/支 x 2; CR-010D TSA 780 缓冲液 2.5ml x 2
TSA 7色荧光试剂盒 (RUO),50测试,CRT000750T,6400.00,Kit-A; HRP-山羊抗鼠兔混合型二抗(10mL) x 2; TSA信号放大液(15mL) x 2; DAPI染液即用型(1.5mL) x 2; 抗荧光淬灭封片剂(3mL) x 1; TSA 荧光染料(25ul) x 5 (520/570/690/620/480); Kit-B; CR-010A TSA-DIG 缓冲液 2.5ml x 1; CR-010B TSA-DIG 25ul/支 x 1; CR-010C TSA 780 Dye 25ul/支 x 1; CR-010D TSA 780 缓冲液 2.5ml x 1
TSA 3色荧光增强型试剂盒,100测试,ERT0003100T,6600.00,增强型HRP二抗及增强液(10mL) x 1; TSA信号放大液(15mL) x 2; DAPI染液即用型(1.5mL) x 4; 抗荧光淬灭封片剂(3mL) x 2; TSA 荧光染料(25ul) x 4 (520/570)
TSA 3色荧光增强型试剂盒,50测试,ERT000350T,3600.00,增强型HRP二抗及增强液(10mL) x 1; TSA信号放大液(15mL) x 1; DAPI染液即用型(1.5mL) x 2; 抗荧光淬灭封片剂(3mL) x 1; TSA 荧光染料(25ul) x 2 (520/570)
TSA 4色荧光增强型试剂盒,100测试,ERT0004100T,7200.00,增强型HRP二抗及增强液(10mL) x 2; TSA信号放大液(15mL) x 2; DAPI染液即用型(1.5mL) x 4; 抗荧光淬灭封片剂(3mL) x 2; TSA 荧光染料(25ul) x 6 (520/570/690)
TSA 4色荧光增强型试剂盒,50测试,ERT000450T,4000.00,增强型HRP二抗及增强液(10mL) x 1; TSA信号放大液(15mL) x 1; DAPI染液即用型(1.5mL) x 2; 抗荧光淬灭封片剂(3mL) x 1; TSA 荧光染料(25ul) x 3 (520/570/690)
TSA 5色荧光增强型试剂盒,100测试,ERT0005100T,8800.00,增强型HRP二抗及增强液(10mL) x 2; TSA信号放大液(15mL) x 2; DAPI染液即用型(1.5mL) x 4; 抗荧光淬灭封片剂(3mL) x 2; TSA 荧光染料(25ul) x 8 (520/570/690/620)
TSA 5色荧光增强型试剂盒,50测试,ERT000550T,4700.00,增强型HRP二抗及增强液(10mL) x 1; TSA信号放大液(15mL) x 1; DAPI染液即用型(1.5mL) x 2; 抗荧光淬灭封片剂(3mL) x 1; TSA 荧光染料(25ul) x 4 (520/570/690/620)
TSA 6色荧光增强型试剂盒,100测试,ERT0006100T,10200.00,增强型HRP二抗及增强液(10mL) x 3; TSA信号放大液(15mL) x 2; DAPI染液即用型(1.5mL) x 4; 抗荧光淬灭封片剂(3mL) x 2; TSA 荧光染料(25ul) x 10 (520/570/690/620/480)
TSA 6色荧光增强型试剂盒,50测试,ERT000650T,5400.00,增强型HRP二抗及增强液(10mL) x 2; TSA信号放大液(15mL) x 1; DAPI染液即用型(1.5mL) x 2; 抗荧光淬灭封片剂(3mL) x 1; TSA 荧光染料(25ul) x 5 (520/570/690/620/480)
TSA 7色荧光增强型试剂盒,100测试,ERT0007100T,12200.00,Kit-A; 增强型HRP二抗及增强液(10mL) x 3; TSA信号放大液(15mL) x 4; DAPI染液即用型(1.5mL) x 4; 抗荧光淬灭封片剂(3mL) x 2; TSA 荧光染料(25ul) x 10 (520/570/690/620/480); Kit-B; CR-010A TSA-DIG 缓冲液 2.5ml x 2; CR-010B TSA-DIG 25ul/支 x 2; CR-010C TSA 780 Dye 25ul/支 x 2; CR-010D TSA 780 缓冲液 2.5ml x 2
TSA 7色荧光增强型试剂盒,50测试,ERT000750T,7200.00,Kit-A; 增强型HRP二抗及增强液(10mL) x 2; TSA信号放大液(15mL) x 2; DAPI染液即用型(1.5mL) x 2; 抗荧光淬灭封片剂(3mL) x 1; TSA 荧光染料(25ul) x 5 (520/570/690/620/480); Kit-B; CR-010A TSA-DIG 缓冲液 2.5ml x 1; CR-010B TSA-DIG 25ul/支 x 1; CR-010C TSA 780 Dye 25ul/支 x 1; CR-010D TSA 780 缓冲液 2.5ml x 1
细胞/冰冻样本TSA3色免疫荧光试剂盒 (试用装),5测试,FRT000205T,199.00,HRP-山羊抗鼠兔混合型二抗(500ul) x 2; TSA信号放大液(15mL) x 1; DAPI染液即用型(1.5mL) x 1; 抗体洗脱液(1.25mL) x 1; TSA 荧光染料(5ul) x 2 (520/570/690/620/650/480 可选二)
细胞/冰冻样本TSA3色免疫荧光试剂盒,50测试,FRT000250T,2000.00,HRP-山羊抗鼠兔混合型二抗(5mL) x 1; TSA信号放大液(15mL) x 1; DAPI染液即用型(1.5mL) x 2; 抗体洗脱液(10mL) x 1; 抗荧光淬灭封片剂(3mL) x 1; TSA 荧光染料(25ul) x 2 (520/570/690/620/650/480 可选二)
细胞/冰冻样本TSA4色免疫荧光试剂盒,50测试,FRT000350T,3000.00,HRP-山羊抗鼠兔混合型二抗(10mL) x 1; TSA信号放大液(15mL) x 1; DAPI染液即用型(1.5mL) x 2; 抗体洗脱液(10mL) x 2; 抗荧光淬灭封片剂(3mL) x 1; TSA 荧光染料(25ul) x 3 (520/570/690/620/650/480(可选三)
TSA480,50T 25ul,CR-007,980.00,CR-007 TSA480 荧光染料 25ul/支; TSA信号放大液(15mL) x 1
TSA520,50T 25ul,CR-008,600.00,CR-008 TSA520 荧光染料 25ul/支; TSA信号放大液(15mL) x 1
TSA570,50T 25ul,CR-009,400.00,CR-009 TSA570 荧光染料 25ul/支; TSA信号放大液(15mL) x 1
TSA780,50T 25ul,CR-010,1800.00,CR-010A TSA-DIG 缓冲液 2.5ml x 1; CR-010B TSA-DIG 25ul/支 x 1; CR-010C TSA 780 Dye 25ul/支 x 1; CR-010D TSA 780 缓冲液 2.5ml x 1
TSA620,50T 25ul,CR-011,600.00,CR-011 TSA620 荧光染料 25ul/支; TSA信号放大液(15mL) x 1
TSA690,50T 25ul,CR-012,600.00,CR-012 TSA690 荧光染料 25ul/支; TSA信号放大液(15mL) x 1
TSA540,50T 25ul,CR-013,600.00,CR-013 TSA540 荧光染料 25ul/支; TSA信号放大液(15mL) x 1
TSA650,50T 25ul,CR-014,980.00,CR-014 TSA650 荧光染料 25ul/支; TSA信号放大液(15mL) x 1
HRP-山羊抗鼠兔混合型二抗,5mL,CR-015,680.00,HRP-山羊抗鼠兔混合型二抗 5ml
增强型HRP二抗及增强液,5ml,CR-024,780.00,HRP-山羊抗鼠兔混合型二抗 5ml; 增强液 5ml
HRP-山羊抗兔二抗,5ml,CR-027,680.00,HRP-山羊抗兔二抗 5ml
TSA信号放大液,15mL,CR-018,40.00,TSA信号放大液 15ml
DAPI染液即用型,1.5mL,CR-019,10.00,DAPI染液即用型 1.5ml
抗荧光淬灭封片剂,3mL,CR-020,120.00,抗荧光淬灭封片剂 3ml
抗体洗脱液,10ml,CR-026,540.00,抗体洗脱液 10ml
